{
  "total": {
    "score": 24,
    "average": 17.649732620320854,
    "distribution": {
      "14": 356,
      "15": 18,
      "16": 18,
      "16.5": 18,
      "17": 18,
      "17.5": 18,
      "18": 18
    }
  },
  "findable": {
    "score": 7,
    "average": 6.951871657754011,
    "distribution": {
      "7": 356,
      "6": 18
    }
  },
  "accessible": {
    "score": 3,
    "average": 1.9625668449197862,
    "distribution": {
      "1": 18,
      "2": 349,
      "2.5": 6,
      "3": 1
    }
  },
  "interoperable": {
    "score": 4,
    "average": 2.962566844919786,
    "distribution": {
      "2": 14,
      "3": 360
    }
  },
  "reusable": {
    "score": 10,
    "average": 5.7727272727272725,
    "distribution": {
      "5": 85,
      "6": 289
    }
  }
}
